<?xml version="1.0" encoding="utf-8" ?>
<Defs>
  <ThoughtDef>
    <defName>NeedFood</defName>
    <workerClass>PS_ReconPod.PS_ThoughtWorker_Conditioning</workerClass>
    <validWhileDespawned>true</validWhileDespawned>
    <stages>
      <li>
        <label>Conditioning weakened</label>
        <description>I feel off. Something in me has changed, but I don't know what.</description>
        <baseMoodEffect>-5</baseMoodEffect>
      </li>
      <li>
        <label>Conditioning slipping</label>
        <description>My mind is blurry... What is this... WHO AM I?!</description>
        <baseMoodEffect>-10</baseMoodEffect>
      </li>
    </stages>
  </ThoughtDef>
</Defs>